weather_datetime_local,temperature_2m,relative_humidity_2m,precipitation,wind_speed_10m,weather_code,latitude,longitude,timezone
2026-05-01 00:00:00,20.1,93,0.0,4.7,3,-26.818981,-48.63788,America/Sao_Paulo
2026-05-01 01:00:00,19.6,94,0.0,5.5,3,-26.818981,-48.63788,America/Sao_Paulo
2026-05-01 02:00:00,19.0,95,0.0,8.5,2,-26.818981,-48.63788,America/Sao_Paulo
2026-05-01 03:00:00,18.4,95,0.0,9.4,2,-26.818981,-48.63788,America/Sao_Paulo
2026-05-01 04:00:00,18.1,94,0.0,9.5,3,-26.818981,-48.63788,America/Sao_Paulo
2026-05-01 05:00:00,17.9,95,0.0,10.4,3,-26.818981,-48.63788,America/Sao_Paulo
2026-05-01 06:00:00,18.0,95,0.0,11.0,3,-26.818981,-48.63788,America/Sao_Paulo
2026-05-01 07:00:00,18.0,95,0.0,10.4,2,-26.818981,-48.63788,America/Sao_Paulo
2026-05-01 08:00:00,19.1,92,0.0,9.6,1,-26.818981,-48.63788,America/Sao_Paulo
2026-05-01 09:00:00,21.4,90,0.0,6.5,3,-26.818981,-48.63788,America/Sao_Paulo
2026-05-01 10:00:00,23.2,84,0.0,5.0,3,-26.818981,-48.63788,America/Sao_Paulo
2026-05-01 11:00:00,24.7,76,0.1,5.8,51,-26.818981,-48.63788,America/Sao_Paulo
2026-05-01 12:00:00,25.0,73,0.0,11.4,2,-26.818981,-48.63788,America/Sao_Paulo
2026-05-01 13:00:00,25.2,72,0.0,10.1,3,-26.818981,-48.63788,America/Sao_Paulo
2026-05-01 14:00:00,25.0,76,0.0,11.3,1,-26.818981,-48.63788,America/Sao_Paulo
2026-05-01 15:00:00,24.5,80,0.0,13.3,0,-26.818981,-48.63788,America/Sao_Paulo
2026-05-01 16:00:00,24.0,80,0.0,13.8,0,-26.818981,-48.63788,America/Sao_Paulo
2026-05-01 17:00:00,23.4,84,0.0,15.4,0,-26.818981,-48.63788,America/Sao_Paulo
2026-05-01 18:00:00,22.8,88,0.0,15.2,0,-26.818981,-48.63788,America/Sao_Paulo
2026-05-01 19:00:00,22.8,90,0.0,15.0,3,-26.818981,-48.63788,America/Sao_Paulo
2026-05-01 20:00:00,22.6,90,0.0,12.3,3,-26.818981,-48.63788,America/Sao_Paulo
2026-05-01 21:00:00,22.7,90,0.0,16.8,3,-26.818981,-48.63788,America/Sao_Paulo
2026-05-01 22:00:00,22.9,89,0.0,13.4,3,-26.818981,-48.63788,America/Sao_Paulo
2026-05-01 23:00:00,23.0,89,0.0,12.5,3,-26.818981,-48.63788,America/Sao_Paulo
2026-05-02 00:00:00,22.8,90,0.0,8.8,3,-26.818981,-48.63788,America/Sao_Paulo
2026-05-02 01:00:00,22.3,92,0.0,6.8,3,-26.818981,-48.63788,America/Sao_Paulo
2026-05-02 02:00:00,21.8,93,0.0,6.9,3,-26.818981,-48.63788,America/Sao_Paulo
2026-05-02 03:00:00,20.8,95,0.0,7.3,3,-26.818981,-48.63788,America/Sao_Paulo
2026-05-02 04:00:00,20.4,96,0.0,6.3,3,-26.818981,-48.63788,America/Sao_Paulo
2026-05-02 05:00:00,20.1,96,0.0,7.6,3,-26.818981,-48.63788,America/Sao_Paulo
2026-05-02 06:00:00,20.0,97,0.0,8.0,3,-26.818981,-48.63788,America/Sao_Paulo
2026-05-02 07:00:00,20.0,97,0.0,6.1,3,-26.818981,-48.63788,America/Sao_Paulo
2026-05-02 08:00:00,20.9,94,0.0,6.3,3,-26.818981,-48.63788,America/Sao_Paulo
2026-05-02 09:00:00,21.4,92,0.0,7.2,3,-26.818981,-48.63788,America/Sao_Paulo
2026-05-02 10:00:00,23.2,89,0.5,9.2,53,-26.818981,-48.63788,America/Sao_Paulo
2026-05-02 11:00:00,24.4,86,0.1,13.6,51,-26.818981,-48.63788,America/Sao_Paulo
2026-05-02 12:00:00,26.5,78,0.0,15.3,3,-26.818981,-48.63788,America/Sao_Paulo
2026-05-02 13:00:00,26.1,80,0.0,7.5,3,-26.818981,-48.63788,America/Sao_Paulo
2026-05-02 14:00:00,24.8,75,0.0,13.6,3,-26.818981,-48.63788,America/Sao_Paulo
2026-05-02 15:00:00,24.1,74,0.0,10.2,3,-26.818981,-48.63788,America/Sao_Paulo
2026-05-02 16:00:00,24.1,79,0.0,2.8,3,-26.818981,-48.63788,America/Sao_Paulo
2026-05-02 17:00:00,23.4,83,0.0,4.2,3,-26.818981,-48.63788,America/Sao_Paulo
2026-05-02 18:00:00,23.0,83,0.0,7.0,3,-26.818981,-48.63788,America/Sao_Paulo
2026-05-02 19:00:00,22.9,85,0.0,11.5,3,-26.818981,-48.63788,America/Sao_Paulo
2026-05-02 20:00:00,22.6,88,0.0,15.3,3,-26.818981,-48.63788,America/Sao_Paulo
2026-05-02 21:00:00,21.2,88,0.0,14.8,3,-26.818981,-48.63788,America/Sao_Paulo
2026-05-02 22:00:00,20.6,87,0.0,15.0,3,-26.818981,-48.63788,America/Sao_Paulo
2026-05-02 23:00:00,20.1,84,0.0,20.1,3,-26.818981,-48.63788,America/Sao_Paulo
2026-05-03 00:00:00,19.6,81,0.0,21.3,3,-26.818981,-48.63788,America/Sao_Paulo
2026-05-03 01:00:00,19.6,77,0.0,21.6,3,-26.818981,-48.63788,America/Sao_Paulo
2026-05-03 02:00:00,19.4,75,0.0,19.8,3,-26.818981,-48.63788,America/Sao_Paulo
2026-05-03 03:00:00,19.0,74,0.0,17.7,3,-26.818981,-48.63788,America/Sao_Paulo
2026-05-03 04:00:00,18.7,74,0.0,16.7,3,-26.818981,-48.63788,America/Sao_Paulo
2026-05-03 05:00:00,18.2,76,0.1,18.1,51,-26.818981,-48.63788,America/Sao_Paulo
2026-05-03 06:00:00,17.8,71,0.0,20.6,3,-26.818981,-48.63788,America/Sao_Paulo
2026-05-03 07:00:00,17.4,63,0.0,23.4,3,-26.818981,-48.63788,America/Sao_Paulo
2026-05-03 08:00:00,17.1,58,0.0,22.2,3,-26.818981,-48.63788,America/Sao_Paulo
2026-05-03 09:00:00,17.5,58,0.0,22.3,2,-26.818981,-48.63788,America/Sao_Paulo
2026-05-03 10:00:00,18.4,56,0.0,20.8,1,-26.818981,-48.63788,America/Sao_Paulo
2026-05-03 11:00:00,19.4,57,0.0,19.6,1,-26.818981,-48.63788,America/Sao_Paulo
2026-05-03 12:00:00,20.0,57,0.0,16.6,1,-26.818981,-48.63788,America/Sao_Paulo
2026-05-03 13:00:00,20.0,60,0.0,14.8,1,-26.818981,-48.63788,America/Sao_Paulo
2026-05-03 14:00:00,20.0,61,0.0,14.4,2,-26.818981,-48.63788,America/Sao_Paulo
2026-05-03 15:00:00,20.0,61,0.0,11.6,1,-26.818981,-48.63788,America/Sao_Paulo
2026-05-03 16:00:00,19.7,62,0.0,11.7,1,-26.818981,-48.63788,America/Sao_Paulo
2026-05-03 17:00:00,19.2,66,0.0,10.9,0,-26.818981,-48.63788,America/Sao_Paulo
2026-05-03 18:00:00,18.6,69,0.0,9.2,0,-26.818981,-48.63788,America/Sao_Paulo
2026-05-03 19:00:00,18.5,72,0.0,6.9,3,-26.818981,-48.63788,America/Sao_Paulo
2026-05-03 20:00:00,19.0,71,0.0,6.6,3,-26.818981,-48.63788,America/Sao_Paulo
2026-05-03 21:00:00,18.4,79,0.0,0.7,3,-26.818981,-48.63788,America/Sao_Paulo
2026-05-03 22:00:00,18.1,78,0.0,4.0,3,-26.818981,-48.63788,America/Sao_Paulo
2026-05-03 23:00:00,17.5,81,0.0,7.8,2,-26.818981,-48.63788,America/Sao_Paulo
2026-05-04 00:00:00,16.6,83,0.0,8.9,2,-26.818981,-48.63788,America/Sao_Paulo
2026-05-04 01:00:00,16.2,82,0.0,8.3,0,-26.818981,-48.63788,America/Sao_Paulo
2026-05-04 02:00:00,15.6,84,0.0,7.2,0,-26.818981,-48.63788,America/Sao_Paulo
2026-05-04 03:00:00,15.5,86,0.0,8.0,0,-26.818981,-48.63788,America/Sao_Paulo
2026-05-04 04:00:00,15.3,85,0.0,6.6,1,-26.818981,-48.63788,America/Sao_Paulo
2026-05-04 05:00:00,15.1,85,0.0,5.2,0,-26.818981,-48.63788,America/Sao_Paulo
2026-05-04 06:00:00,14.9,87,0.0,5.4,3,-26.818981,-48.63788,America/Sao_Paulo
2026-05-04 07:00:00,15.6,85,0.0,6.2,3,-26.818981,-48.63788,America/Sao_Paulo
2026-05-04 08:00:00,16.5,86,0.0,6.2,3,-26.818981,-48.63788,America/Sao_Paulo
2026-05-04 09:00:00,17.8,83,0.0,4.9,1,-26.818981,-48.63788,America/Sao_Paulo
2026-05-04 10:00:00,20.2,76,0.0,3.9,0,-26.818981,-48.63788,America/Sao_Paulo
2026-05-04 11:00:00,21.9,74,0.0,5.4,1,-26.818981,-48.63788,America/Sao_Paulo
2026-05-04 12:00:00,22.4,73,0.0,10.6,2,-26.818981,-48.63788,America/Sao_Paulo
2026-05-04 13:00:00,22.5,74,0.0,9.0,2,-26.818981,-48.63788,America/Sao_Paulo
2026-05-04 14:00:00,22.7,75,0.0,10.5,3,-26.818981,-48.63788,America/Sao_Paulo
2026-05-04 15:00:00,22.2,78,0.0,8.4,3,-26.818981,-48.63788,America/Sao_Paulo
2026-05-04 16:00:00,22.0,80,0.0,10.4,2,-26.818981,-48.63788,America/Sao_Paulo
2026-05-04 17:00:00,21.7,82,0.0,12.0,3,-26.818981,-48.63788,America/Sao_Paulo
2026-05-04 18:00:00,21.3,86,0.0,9.5,2,-26.818981,-48.63788,America/Sao_Paulo
2026-05-04 19:00:00,21.1,88,0.0,9.6,3,-26.818981,-48.63788,America/Sao_Paulo
2026-05-04 20:00:00,20.5,91,0.0,5.2,3,-26.818981,-48.63788,America/Sao_Paulo
2026-05-04 21:00:00,19.9,97,0.0,7.3,3,-26.818981,-48.63788,America/Sao_Paulo
2026-05-04 22:00:00,20.2,94,5.5,14.8,63,-26.818981,-48.63788,America/Sao_Paulo
2026-05-04 23:00:00,19.9,94,10.5,2.8,65,-26.818981,-48.63788,America/Sao_Paulo
2026-05-05 00:00:00,20.1,94,0.0,14.3,3,-26.818981,-48.63788,America/Sao_Paulo
2026-05-05 01:00:00,19.8,95,0.0,8.2,0,-26.818981,-48.63788,America/Sao_Paulo
2026-05-05 02:00:00,19.2,94,0.0,5.4,1,-26.818981,-48.63788,America/Sao_Paulo
2026-05-05 03:00:00,18.9,95,0.0,7.6,0,-26.818981,-48.63788,America/Sao_Paulo
2026-05-05 04:00:00,18.2,96,0.0,6.9,0,-26.818981,-48.63788,America/Sao_Paulo
2026-05-05 05:00:00,17.9,96,0.0,4.8,1,-26.818981,-48.63788,America/Sao_Paulo
2026-05-05 06:00:00,17.8,95,0.0,5.4,2,-26.818981,-48.63788,America/Sao_Paulo
2026-05-05 07:00:00,17.5,97,0.0,5.4,2,-26.818981,-48.63788,America/Sao_Paulo
2026-05-05 08:00:00,18.4,98,0.0,6.0,3,-26.818981,-48.63788,America/Sao_Paulo
2026-05-05 09:00:00,20.6,96,0.0,1.3,0,-26.818981,-48.63788,America/Sao_Paulo
2026-05-05 10:00:00,22.9,89,0.0,1.2,0,-26.818981,-48.63788,America/Sao_Paulo
2026-05-05 11:00:00,24.5,81,0.0,1.0,0,-26.818981,-48.63788,America/Sao_Paulo
2026-05-05 12:00:00,25.5,80,0.0,3.6,1,-26.818981,-48.63788,America/Sao_Paulo
2026-05-05 13:00:00,25.8,81,0.0,7.6,0,-26.818981,-48.63788,America/Sao_Paulo
2026-05-05 14:00:00,25.5,81,0.0,10.7,0,-26.818981,-48.63788,America/Sao_Paulo
2026-05-05 15:00:00,25.1,80,0.0,12.4,0,-26.818981,-48.63788,America/Sao_Paulo
2026-05-05 16:00:00,24.0,81,0.0,12.2,1,-26.818981,-48.63788,America/Sao_Paulo
2026-05-05 17:00:00,23.0,87,0.0,11.1,1,-26.818981,-48.63788,America/Sao_Paulo
2026-05-05 18:00:00,22.4,91,0.0,11.7,2,-26.818981,-48.63788,America/Sao_Paulo
2026-05-05 19:00:00,22.0,93,0.0,7.4,1,-26.818981,-48.63788,America/Sao_Paulo
2026-05-05 20:00:00,21.7,92,0.0,6.6,1,-26.818981,-48.63788,America/Sao_Paulo
2026-05-05 21:00:00,21.4,93,0.0,6.5,2,-26.818981,-48.63788,America/Sao_Paulo
2026-05-05 22:00:00,20.8,94,0.0,5.3,0,-26.818981,-48.63788,America/Sao_Paulo
2026-05-05 23:00:00,19.8,95,0.0,4.4,0,-26.818981,-48.63788,America/Sao_Paulo
2026-05-06 00:00:00,19.6,96,0.0,4.2,1,-26.818981,-48.63788,America/Sao_Paulo
2026-05-06 01:00:00,19.5,97,0.0,4.7,2,-26.818981,-48.63788,America/Sao_Paulo
2026-05-06 02:00:00,19.5,98,0.0,5.1,2,-26.818981,-48.63788,America/Sao_Paulo
2026-05-06 03:00:00,19.1,99,0.0,4.3,3,-26.818981,-48.63788,America/Sao_Paulo
2026-05-06 04:00:00,19.5,98,0.0,5.7,3,-26.818981,-48.63788,America/Sao_Paulo
2026-05-06 05:00:00,19.5,98,0.0,4.9,3,-26.818981,-48.63788,America/Sao_Paulo
2026-05-06 06:00:00,19.6,98,0.0,3.6,3,-26.818981,-48.63788,America/Sao_Paulo
2026-05-06 07:00:00,20.0,97,0.0,3.1,3,-26.818981,-48.63788,America/Sao_Paulo
2026-05-06 08:00:00,20.6,98,0.0,4.5,3,-26.818981,-48.63788,America/Sao_Paulo
2026-05-06 09:00:00,22.1,93,0.0,5.4,3,-26.818981,-48.63788,America/Sao_Paulo
2026-05-06 10:00:00,24.4,86,0.0,4.7,3,-26.818981,-48.63788,America/Sao_Paulo
2026-05-06 11:00:00,25.2,87,0.0,5.4,1,-26.818981,-48.63788,America/Sao_Paulo
2026-05-06 12:00:00,26.0,86,0.0,9.5,3,-26.818981,-48.63788,America/Sao_Paulo
2026-05-06 13:00:00,25.9,88,0.0,11.0,3,-26.818981,-48.63788,America/Sao_Paulo
2026-05-06 14:00:00,25.1,90,0.0,12.6,2,-26.818981,-48.63788,America/Sao_Paulo
2026-05-06 15:00:00,24.7,89,0.0,13.1,1,-26.818981,-48.63788,America/Sao_Paulo
2026-05-06 16:00:00,24.5,90,0.0,12.1,3,-26.818981,-48.63788,America/Sao_Paulo
2026-05-06 17:00:00,23.8,93,0.0,11.8,0,-26.818981,-48.63788,America/Sao_Paulo
2026-05-06 18:00:00,23.0,96,0.0,11.4,2,-26.818981,-48.63788,America/Sao_Paulo
2026-05-06 19:00:00,22.9,97,0.0,8.7,0,-26.818981,-48.63788,America/Sao_Paulo
2026-05-06 20:00:00,22.8,97,0.0,8.6,1,-26.818981,-48.63788,America/Sao_Paulo
2026-05-06 21:00:00,22.6,98,0.0,8.3,3,-26.818981,-48.63788,America/Sao_Paulo
2026-05-06 22:00:00,22.3,98,0.0,5.8,3,-26.818981,-48.63788,America/Sao_Paulo
2026-05-06 23:00:00,22.1,98,0.0,5.6,3,-26.818981,-48.63788,America/Sao_Paulo
2026-05-07 00:00:00,22.3,99,0.0,6.6,3,-26.818981,-48.63788,America/Sao_Paulo
2026-05-07 01:00:00,22.4,100,0.0,7.9,3,-26.818981,-48.63788,America/Sao_Paulo
2026-05-07 02:00:00,22.4,99,0.0,6.7,3,-26.818981,-48.63788,America/Sao_Paulo
2026-05-07 03:00:00,22.4,98,0.0,5.5,3,-26.818981,-48.63788,America/Sao_Paulo
2026-05-07 04:00:00,22.3,99,0.0,5.7,3,-26.818981,-48.63788,America/Sao_Paulo
2026-05-07 05:00:00,22.2,99,0.0,5.5,3,-26.818981,-48.63788,America/Sao_Paulo
2026-05-07 06:00:00,22.1,99,0.0,4.5,3,-26.818981,-48.63788,America/Sao_Paulo
2026-05-07 07:00:00,22.1,99,0.0,6.1,3,-26.818981,-48.63788,America/Sao_Paulo
2026-05-07 08:00:00,22.5,98,0.0,9.4,3,-26.818981,-48.63788,America/Sao_Paulo
2026-05-07 09:00:00,22.8,95,0.1,11.5,51,-26.818981,-48.63788,America/Sao_Paulo
2026-05-07 10:00:00,24.1,86,0.2,12.1,51,-26.818981,-48.63788,America/Sao_Paulo
2026-05-07 11:00:00,24.4,86,0.1,12.5,51,-26.818981,-48.63788,America/Sao_Paulo
2026-05-07 12:00:00,25.0,82,0.0,14.2,3,-26.818981,-48.63788,America/Sao_Paulo
2026-05-07 13:00:00,25.6,80,0.0,15.2,3,-26.818981,-48.63788,America/Sao_Paulo
2026-05-07 14:00:00,25.3,84,0.0,16.3,0,-26.818981,-48.63788,America/Sao_Paulo
2026-05-07 15:00:00,24.8,87,0.0,15.2,1,-26.818981,-48.63788,America/Sao_Paulo
2026-05-07 16:00:00,24.4,89,0.0,13.5,1,-26.818981,-48.63788,America/Sao_Paulo
2026-05-07 17:00:00,23.6,91,0.0,13.3,0,-26.818981,-48.63788,America/Sao_Paulo
2026-05-07 18:00:00,23.2,92,0.0,13.4,0,-26.818981,-48.63788,America/Sao_Paulo
2026-05-07 19:00:00,23.3,91,0.0,13.5,0,-26.818981,-48.63788,America/Sao_Paulo
2026-05-07 20:00:00,23.2,91,0.0,12.1,3,-26.818981,-48.63788,America/Sao_Paulo
2026-05-07 21:00:00,23.0,92,0.0,13.1,2,-26.818981,-48.63788,America/Sao_Paulo
2026-05-07 22:00:00,23.2,92,0.0,15.4,3,-26.818981,-48.63788,America/Sao_Paulo
2026-05-07 23:00:00,23.2,92,0.0,15.5,3,-26.818981,-48.63788,America/Sao_Paulo
2026-05-08 00:00:00,23.0,94,0.0,14.7,3,-26.818981,-48.63788,America/Sao_Paulo
2026-05-08 01:00:00,22.6,96,0.0,9.6,3,-26.818981,-48.63788,America/Sao_Paulo
2026-05-08 02:00:00,22.2,98,0.0,8.7,3,-26.818981,-48.63788,America/Sao_Paulo
2026-05-08 03:00:00,21.7,99,0.0,4.1,3,-26.818981,-48.63788,America/Sao_Paulo
2026-05-08 04:00:00,21.7,99,0.0,6.8,3,-26.818981,-48.63788,America/Sao_Paulo
2026-05-08 05:00:00,21.7,99,0.0,6.3,3,-26.818981,-48.63788,America/Sao_Paulo
2026-05-08 06:00:00,21.5,99,0.0,7.2,3,-26.818981,-48.63788,America/Sao_Paulo
2026-05-08 07:00:00,21.4,97,0.0,8.1,3,-26.818981,-48.63788,America/Sao_Paulo
2026-05-08 08:00:00,22.2,90,0.0,9.3,3,-26.818981,-48.63788,America/Sao_Paulo
2026-05-08 09:00:00,22.0,88,0.0,4.9,3,-26.818981,-48.63788,America/Sao_Paulo
2026-05-08 10:00:00,22.9,85,0.0,6.7,3,-26.818981,-48.63788,America/Sao_Paulo
2026-05-08 11:00:00,22.9,88,0.8,9.5,53,-26.818981,-48.63788,America/Sao_Paulo
2026-05-08 12:00:00,24.0,89,0.1,11.1,51,-26.818981,-48.63788,America/Sao_Paulo
2026-05-08 13:00:00,24.9,82,0.0,8.2,3,-26.818981,-48.63788,America/Sao_Paulo
2026-05-08 14:00:00,24.7,82,0.0,6.9,3,-26.818981,-48.63788,America/Sao_Paulo
2026-05-08 15:00:00,23.0,86,0.0,10.1,3,-26.818981,-48.63788,America/Sao_Paulo
2026-05-08 16:00:00,21.8,97,1.2,13.8,55,-26.818981,-48.63788,America/Sao_Paulo
2026-05-08 17:00:00,21.8,94,0.4,11.9,51,-26.818981,-48.63788,America/Sao_Paulo
2026-05-08 18:00:00,21.9,91,0.0,7.5,3,-26.818981,-48.63788,America/Sao_Paulo
2026-05-08 19:00:00,21.9,92,0.3,7.1,51,-26.818981,-48.63788,America/Sao_Paulo
2026-05-08 20:00:00,21.7,93,3.0,10.8,63,-26.818981,-48.63788,America/Sao_Paulo
2026-05-08 21:00:00,21.4,96,4.2,8.4,63,-26.818981,-48.63788,America/Sao_Paulo
2026-05-08 22:00:00,20.9,95,0.8,8.5,53,-26.818981,-48.63788,America/Sao_Paulo
2026-05-08 23:00:00,19.0,94,3.2,16.6,63,-26.818981,-48.63788,America/Sao_Paulo
2026-05-09 00:00:00,16.4,94,4.4,15.8,63,-26.818981,-48.63788,America/Sao_Paulo
2026-05-09 01:00:00,16.4,92,2.4,18.6,61,-26.818981,-48.63788,America/Sao_Paulo
2026-05-09 02:00:00,17.1,89,0.2,17.2,51,-26.818981,-48.63788,America/Sao_Paulo
2026-05-09 03:00:00,16.4,88,0.1,14.3,51,-26.818981,-48.63788,America/Sao_Paulo
2026-05-09 04:00:00,16.1,87,0.0,14.3,3,-26.818981,-48.63788,America/Sao_Paulo
2026-05-09 05:00:00,16.1,85,0.0,15.7,3,-26.818981,-48.63788,America/Sao_Paulo
2026-05-09 06:00:00,16.4,79,0.1,15.2,51,-26.818981,-48.63788,America/Sao_Paulo
2026-05-09 07:00:00,16.2,84,0.6,10.3,53,-26.818981,-48.63788,America/Sao_Paulo
2026-05-09 08:00:00,15.8,95,2.8,9.5,63,-26.818981,-48.63788,America/Sao_Paulo
2026-05-09 09:00:00,15.9,91,0.6,9.5,53,-26.818981,-48.63788,America/Sao_Paulo
2026-05-09 10:00:00,15.9,91,0.6,15.8,53,-26.818981,-48.63788,America/Sao_Paulo
2026-05-09 11:00:00,15.8,90,2.4,17.3,61,-26.818981,-48.63788,America/Sao_Paulo
2026-05-09 12:00:00,15.9,89,0.2,11.9,51,-26.818981,-48.63788,America/Sao_Paulo
2026-05-09 13:00:00,16.0,88,0.5,10.0,53,-26.818981,-48.63788,America/Sao_Paulo
2026-05-09 14:00:00,15.4,96,1.2,12.8,55,-26.818981,-48.63788,America/Sao_Paulo
2026-05-09 15:00:00,14.9,91,2.4,18.1,61,-26.818981,-48.63788,America/Sao_Paulo
2026-05-09 16:00:00,14.4,95,5.3,14.1,63,-26.818981,-48.63788,America/Sao_Paulo
2026-05-09 17:00:00,14.4,96,5.8,12.5,63,-26.818981,-48.63788,America/Sao_Paulo
2026-05-09 18:00:00,13.9,96,2.6,13.5,63,-26.818981,-48.63788,America/Sao_Paulo
2026-05-09 19:00:00,13.9,92,0.9,14.3,53,-26.818981,-48.63788,America/Sao_Paulo
2026-05-09 20:00:00,13.3,95,0.6,13.9,53,-26.818981,-48.63788,America/Sao_Paulo
2026-05-09 21:00:00,12.8,95,0.3,14.8,51,-26.818981,-48.63788,America/Sao_Paulo
2026-05-09 22:00:00,12.5,90,0.4,15.3,51,-26.818981,-48.63788,America/Sao_Paulo
2026-05-09 23:00:00,11.5,94,1.2,15.5,55,-26.818981,-48.63788,America/Sao_Paulo
2026-05-10 00:00:00,11.9,88,2.1,13.5,61,-26.818981,-48.63788,America/Sao_Paulo
2026-05-10 01:00:00,11.4,93,0.7,9.7,53,-26.818981,-48.63788,America/Sao_Paulo
2026-05-10 02:00:00,12.4,85,0.0,10.6,3,-26.818981,-48.63788,America/Sao_Paulo
2026-05-10 03:00:00,12.6,84,0.0,15.9,3,-26.818981,-48.63788,America/Sao_Paulo
2026-05-10 04:00:00,13.0,79,0.0,19.3,3,-26.818981,-48.63788,America/Sao_Paulo
2026-05-10 05:00:00,12.8,77,0.0,21.3,3,-26.818981,-48.63788,America/Sao_Paulo
2026-05-10 06:00:00,12.7,74,0.0,20.9,3,-26.818981,-48.63788,America/Sao_Paulo
2026-05-10 07:00:00,12.6,70,0.0,21.4,3,-26.818981,-48.63788,America/Sao_Paulo
2026-05-10 08:00:00,12.8,69,0.0,21.0,3,-26.818981,-48.63788,America/Sao_Paulo
2026-05-10 09:00:00,13.4,63,0.0,22.8,3,-26.818981,-48.63788,America/Sao_Paulo
2026-05-10 10:00:00,14.6,60,0.0,22.2,3,-26.818981,-48.63788,America/Sao_Paulo
2026-05-10 11:00:00,15.4,58,0.0,19.8,3,-26.818981,-48.63788,America/Sao_Paulo
2026-05-10 12:00:00,16.6,54,0.0,19.1,3,-26.818981,-48.63788,America/Sao_Paulo
2026-05-10 13:00:00,17.5,51,0.0,16.0,0,-26.818981,-48.63788,America/Sao_Paulo
2026-05-10 14:00:00,18.2,48,0.0,14.5,0,-26.818981,-48.63788,America/Sao_Paulo
2026-05-10 15:00:00,18.3,48,0.0,14.3,0,-26.818981,-48.63788,America/Sao_Paulo
2026-05-10 16:00:00,18.0,49,0.0,12.5,0,-26.818981,-48.63788,America/Sao_Paulo
2026-05-10 17:00:00,17.0,57,0.0,9.9,0,-26.818981,-48.63788,America/Sao_Paulo
2026-05-10 18:00:00,16.3,51,0.0,15.2,0,-26.818981,-48.63788,America/Sao_Paulo
2026-05-10 19:00:00,16.0,48,0.0,18.0,0,-26.818981,-48.63788,America/Sao_Paulo
2026-05-10 20:00:00,15.7,49,0.0,16.8,0,-26.818981,-48.63788,America/Sao_Paulo
2026-05-10 21:00:00,13.9,55,0.0,14.1,0,-26.818981,-48.63788,America/Sao_Paulo
2026-05-10 22:00:00,13.5,56,0.0,15.0,0,-26.818981,-48.63788,America/Sao_Paulo
2026-05-10 23:00:00,12.9,58,0.0,14.0,0,-26.818981,-48.63788,America/Sao_Paulo
2026-05-11 00:00:00,12.5,59,0.0,15.3,0,-26.818981,-48.63788,America/Sao_Paulo
2026-05-11 01:00:00,12.2,57,0.0,17.6,0,-26.818981,-48.63788,America/Sao_Paulo
2026-05-11 02:00:00,11.8,58,0.0,18.1,0,-26.818981,-48.63788,America/Sao_Paulo
2026-05-11 03:00:00,11.1,61,0.0,18.6,0,-26.818981,-48.63788,America/Sao_Paulo
2026-05-11 04:00:00,10.6,63,0.0,18.8,0,-26.818981,-48.63788,America/Sao_Paulo
2026-05-11 05:00:00,10.3,64,0.0,19.1,0,-26.818981,-48.63788,America/Sao_Paulo
2026-05-11 06:00:00,10.1,65,0.0,18.6,0,-26.818981,-48.63788,America/Sao_Paulo
2026-05-11 07:00:00,9.9,66,0.0,18.1,0,-26.818981,-48.63788,America/Sao_Paulo
2026-05-11 08:00:00,10.7,66,0.0,16.4,0,-26.818981,-48.63788,America/Sao_Paulo
2026-05-11 09:00:00,12.5,62,0.0,18.1,0,-26.818981,-48.63788,America/Sao_Paulo
2026-05-11 10:00:00,14.2,58,0.0,15.7,0,-26.818981,-48.63788,America/Sao_Paulo
2026-05-11 11:00:00,15.7,55,0.0,14.0,0,-26.818981,-48.63788,America/Sao_Paulo
2026-05-11 12:00:00,17.0,51,0.0,11.3,0,-26.818981,-48.63788,America/Sao_Paulo
2026-05-11 13:00:00,18.1,48,0.0,8.8,0,-26.818981,-48.63788,America/Sao_Paulo
2026-05-11 14:00:00,19.0,47,0.0,6.6,0,-26.818981,-48.63788,America/Sao_Paulo
2026-05-11 15:00:00,19.5,46,0.0,6.2,0,-26.818981,-48.63788,America/Sao_Paulo
2026-05-11 16:00:00,19.5,49,0.0,4.8,0,-26.818981,-48.63788,America/Sao_Paulo
2026-05-11 17:00:00,18.5,65,0.0,0.9,0,-26.818981,-48.63788,America/Sao_Paulo
2026-05-11 18:00:00,16.1,63,0.0,2.7,0,-26.818981,-48.63788,America/Sao_Paulo
2026-05-11 19:00:00,15.5,62,0.0,3.4,0,-26.818981,-48.63788,America/Sao_Paulo
2026-05-11 20:00:00,15.6,63,0.0,1.5,0,-26.818981,-48.63788,America/Sao_Paulo
2026-05-11 21:00:00,13.6,73,0.0,2.4,0,-26.818981,-48.63788,America/Sao_Paulo
2026-05-11 22:00:00,11.4,81,0.0,5.3,0,-26.818981,-48.63788,America/Sao_Paulo
2026-05-11 23:00:00,11.7,82,0.0,6.3,0,-26.818981,-48.63788,America/Sao_Paulo
2026-05-12 00:00:00,11.1,79,0.0,8.3,0,-26.818981,-48.63788,America/Sao_Paulo
2026-05-12 01:00:00,10.6,75,0.0,10.6,0,-26.818981,-48.63788,America/Sao_Paulo
2026-05-12 02:00:00,10.1,71,0.0,11.0,0,-26.818981,-48.63788,America/Sao_Paulo
2026-05-12 03:00:00,9.1,77,0.0,10.3,0,-26.818981,-48.63788,America/Sao_Paulo
2026-05-12 04:00:00,9.2,74,0.0,12.5,0,-26.818981,-48.63788,America/Sao_Paulo
2026-05-12 05:00:00,9.4,74,0.0,12.3,0,-26.818981,-48.63788,America/Sao_Paulo
2026-05-12 06:00:00,9.1,73,0.0,11.5,0,-26.818981,-48.63788,America/Sao_Paulo
2026-05-12 07:00:00,8.9,75,0.0,11.5,0,-26.818981,-48.63788,America/Sao_Paulo
2026-05-12 08:00:00,10.3,73,0.0,11.9,0,-26.818981,-48.63788,America/Sao_Paulo
2026-05-12 09:00:00,13.4,71,0.0,6.9,0,-26.818981,-48.63788,America/Sao_Paulo
2026-05-12 10:00:00,16.5,64,0.0,6.1,0,-26.818981,-48.63788,America/Sao_Paulo
2026-05-12 11:00:00,18.6,53,0.0,6.3,0,-26.818981,-48.63788,America/Sao_Paulo
2026-05-12 12:00:00,19.8,46,0.0,5.7,0,-26.818981,-48.63788,America/Sao_Paulo
2026-05-12 13:00:00,20.4,44,0.0,6.2,0,-26.818981,-48.63788,America/Sao_Paulo
2026-05-12 14:00:00,20.6,44,0.0,8.1,0,-26.818981,-48.63788,America/Sao_Paulo
2026-05-12 15:00:00,20.6,50,0.0,10.7,0,-26.818981,-48.63788,America/Sao_Paulo
2026-05-12 16:00:00,20.1,56,0.0,12.6,0,-26.818981,-48.63788,America/Sao_Paulo
2026-05-12 17:00:00,19.0,64,0.0,12.8,0,-26.818981,-48.63788,America/Sao_Paulo
2026-05-12 18:00:00,18.0,68,0.0,13.4,0,-26.818981,-48.63788,America/Sao_Paulo
2026-05-12 19:00:00,17.4,74,0.0,12.7,0,-26.818981,-48.63788,America/Sao_Paulo
2026-05-12 20:00:00,16.5,80,0.0,12.1,0,-26.818981,-48.63788,America/Sao_Paulo
2026-05-12 21:00:00,15.9,83,0.0,12.7,0,-26.818981,-48.63788,America/Sao_Paulo
2026-05-12 22:00:00,14.9,83,0.0,10.0,0,-26.818981,-48.63788,America/Sao_Paulo
2026-05-12 23:00:00,13.4,85,0.0,8.0,0,-26.818981,-48.63788,America/Sao_Paulo
2026-05-13 00:00:00,12.4,86,0.0,7.2,0,-26.818981,-48.63788,America/Sao_Paulo
2026-05-13 01:00:00,11.6,88,0.0,6.8,1,-26.818981,-48.63788,America/Sao_Paulo
2026-05-13 02:00:00,11.1,89,0.0,6.9,2,-26.818981,-48.63788,America/Sao_Paulo
2026-05-13 03:00:00,10.7,88,0.0,6.2,0,-26.818981,-48.63788,America/Sao_Paulo
2026-05-13 04:00:00,10.4,87,0.0,9.2,0,-26.818981,-48.63788,America/Sao_Paulo
2026-05-13 05:00:00,10.8,81,0.0,11.1,0,-26.818981,-48.63788,America/Sao_Paulo
2026-05-13 06:00:00,11.6,69,0.0,12.7,0,-26.818981,-48.63788,America/Sao_Paulo
2026-05-13 07:00:00,11.9,65,0.0,14.6,1,-26.818981,-48.63788,America/Sao_Paulo
2026-05-13 08:00:00,13.4,62,0.0,15.9,1,-26.818981,-48.63788,America/Sao_Paulo
2026-05-13 09:00:00,15.9,62,0.0,11.6,3,-26.818981,-48.63788,America/Sao_Paulo
2026-05-13 10:00:00,18.0,58,0.0,10.7,3,-26.818981,-48.63788,America/Sao_Paulo
2026-05-13 11:00:00,20.0,51,0.0,12.3,3,-26.818981,-48.63788,America/Sao_Paulo
2026-05-13 12:00:00,21.4,47,0.0,11.0,3,-26.818981,-48.63788,America/Sao_Paulo
2026-05-13 13:00:00,22.4,43,0.0,8.0,3,-26.818981,-48.63788,America/Sao_Paulo
2026-05-13 14:00:00,22.8,42,0.0,4.3,3,-26.818981,-48.63788,America/Sao_Paulo
2026-05-13 15:00:00,22.5,44,0.0,6.7,3,-26.818981,-48.63788,America/Sao_Paulo
2026-05-13 16:00:00,21.1,53,0.0,10.7,3,-26.818981,-48.63788,America/Sao_Paulo
2026-05-13 17:00:00,19.6,64,0.0,10.1,2,-26.818981,-48.63788,America/Sao_Paulo
2026-05-13 18:00:00,18.8,72,0.0,12.1,2,-26.818981,-48.63788,America/Sao_Paulo
2026-05-13 19:00:00,18.1,80,0.0,8.0,3,-26.818981,-48.63788,America/Sao_Paulo
2026-05-13 20:00:00,17.3,85,0.0,5.8,3,-26.818981,-48.63788,America/Sao_Paulo
2026-05-13 21:00:00,17.7,88,0.0,7.8,0,-26.818981,-48.63788,America/Sao_Paulo
2026-05-13 22:00:00,16.5,92,0.0,6.5,1,-26.818981,-48.63788,America/Sao_Paulo
2026-05-13 23:00:00,15.7,94,0.0,6.2,0,-26.818981,-48.63788,America/Sao_Paulo
2026-05-14 00:00:00,15.0,95,0.0,7.6,1,-26.818981,-48.63788,America/Sao_Paulo
2026-05-14 01:00:00,14.2,95,0.0,9.4,2,-26.818981,-48.63788,America/Sao_Paulo
2026-05-14 02:00:00,13.6,93,0.0,10.3,3,-26.818981,-48.63788,America/Sao_Paulo
2026-05-14 03:00:00,12.8,93,0.0,10.2,3,-26.818981,-48.63788,America/Sao_Paulo
2026-05-14 04:00:00,12.3,93,0.0,10.4,3,-26.818981,-48.63788,America/Sao_Paulo
2026-05-14 05:00:00,12.3,93,0.0,10.1,3,-26.818981,-48.63788,America/Sao_Paulo
2026-05-14 06:00:00,11.9,95,0.0,10.8,3,-26.818981,-48.63788,America/Sao_Paulo
2026-05-14 07:00:00,11.8,95,0.0,12.1,3,-26.818981,-48.63788,America/Sao_Paulo
2026-05-14 08:00:00,12.9,94,0.0,12.7,2,-26.818981,-48.63788,America/Sao_Paulo
2026-05-14 09:00:00,15.1,90,0.0,8.6,1,-26.818981,-48.63788,America/Sao_Paulo
2026-05-14 10:00:00,18.4,84,0.0,6.5,0,-26.818981,-48.63788,America/Sao_Paulo
2026-05-14 11:00:00,20.8,76,0.0,3.6,1,-26.818981,-48.63788,America/Sao_Paulo
2026-05-14 12:00:00,21.9,73,0.0,2.4,3,-26.818981,-48.63788,America/Sao_Paulo
2026-05-14 13:00:00,21.9,73,0.0,7.4,1,-26.818981,-48.63788,America/Sao_Paulo
2026-05-14 14:00:00,21.6,75,0.0,9.4,2,-26.818981,-48.63788,America/Sao_Paulo
2026-05-14 15:00:00,21.5,72,0.0,9.1,3,-26.818981,-48.63788,America/Sao_Paulo
2026-05-14 16:00:00,20.8,74,0.0,7.4,0,-26.818981,-48.63788,America/Sao_Paulo
2026-05-14 17:00:00,20.0,81,0.0,6.0,0,-26.818981,-48.63788,America/Sao_Paulo
2026-05-14 18:00:00,18.5,87,0.0,5.9,1,-26.818981,-48.63788,America/Sao_Paulo
2026-05-14 19:00:00,18.1,88,0.0,4.5,0,-26.818981,-48.63788,America/Sao_Paulo
2026-05-14 20:00:00,18.0,88,0.0,2.4,1,-26.818981,-48.63788,America/Sao_Paulo
2026-05-14 21:00:00,18.0,90,0.0,1.1,1,-26.818981,-48.63788,America/Sao_Paulo
2026-05-14 22:00:00,17.0,94,0.0,2.9,2,-26.818981,-48.63788,America/Sao_Paulo
2026-05-14 23:00:00,16.5,96,0.0,3.9,3,-26.818981,-48.63788,America/Sao_Paulo
2026-05-15 00:00:00,17.5,94,0.0,5.4,3,-26.818981,-48.63788,America/Sao_Paulo
2026-05-15 01:00:00,18.0,94,0.0,7.6,3,-26.818981,-48.63788,America/Sao_Paulo
2026-05-15 02:00:00,18.1,94,0.0,9.4,3,-26.818981,-48.63788,America/Sao_Paulo
2026-05-15 03:00:00,17.8,94,0.0,10.5,3,-26.818981,-48.63788,America/Sao_Paulo
2026-05-15 04:00:00,17.6,90,0.0,10.5,3,-26.818981,-48.63788,America/Sao_Paulo
2026-05-15 05:00:00,17.3,89,0.0,11.0,3,-26.818981,-48.63788,America/Sao_Paulo
2026-05-15 06:00:00,17.6,86,0.0,13.0,3,-26.818981,-48.63788,America/Sao_Paulo
2026-05-15 07:00:00,17.8,84,0.0,14.4,3,-26.818981,-48.63788,America/Sao_Paulo
2026-05-15 08:00:00,18.2,82,0.0,14.6,3,-26.818981,-48.63788,America/Sao_Paulo
2026-05-15 09:00:00,18.6,84,0.0,14.9,3,-26.818981,-48.63788,America/Sao_Paulo
2026-05-15 10:00:00,18.9,82,0.0,12.3,3,-26.818981,-48.63788,America/Sao_Paulo
2026-05-15 11:00:00,18.6,84,0.2,12.6,51,-26.818981,-48.63788,America/Sao_Paulo
2026-05-15 12:00:00,19.1,83,0.1,12.5,51,-26.818981,-48.63788,America/Sao_Paulo
2026-05-15 13:00:00,18.9,86,0.2,13.3,51,-26.818981,-48.63788,America/Sao_Paulo
2026-05-15 14:00:00,19.1,83,0.1,13.9,51,-26.818981,-48.63788,America/Sao_Paulo
2026-05-15 15:00:00,18.4,96,0.7,11.3,53,-26.818981,-48.63788,America/Sao_Paulo
2026-05-15 16:00:00,18.1,97,2.5,8.7,63,-26.818981,-48.63788,America/Sao_Paulo
2026-05-15 17:00:00,17.9,97,1.8,11.3,61,-26.818981,-48.63788,America/Sao_Paulo
2026-05-15 18:00:00,17.8,96,0.4,13.5,51,-26.818981,-48.63788,America/Sao_Paulo
2026-05-15 19:00:00,17.5,97,0.1,14.5,51,-26.818981,-48.63788,America/Sao_Paulo
2026-05-15 20:00:00,17.5,96,0.0,14.8,3,-26.818981,-48.63788,America/Sao_Paulo
2026-05-15 21:00:00,17.1,97,0.0,11.3,3,-26.818981,-48.63788,America/Sao_Paulo
2026-05-15 22:00:00,16.9,97,0.0,11.2,3,-26.818981,-48.63788,America/Sao_Paulo
2026-05-15 23:00:00,16.9,96,0.0,11.0,3,-26.818981,-48.63788,America/Sao_Paulo
2026-05-16 00:00:00,16.6,97,0.5,8.1,53,-26.818981,-48.63788,America/Sao_Paulo
2026-05-16 01:00:00,16.5,97,0.3,6.6,51,-26.818981,-48.63788,America/Sao_Paulo
2026-05-16 02:00:00,16.4,98,1.2,7.0,55,-26.818981,-48.63788,America/Sao_Paulo
2026-05-16 03:00:00,16.5,98,0.0,8.1,3,-26.818981,-48.63788,America/Sao_Paulo
2026-05-16 04:00:00,16.6,98,0.1,6.9,51,-26.818981,-48.63788,America/Sao_Paulo
2026-05-16 05:00:00,16.6,98,0.0,5.1,1,-26.818981,-48.63788,America/Sao_Paulo
2026-05-16 06:00:00,16.1,97,0.0,4.1,1,-26.818981,-48.63788,America/Sao_Paulo
2026-05-16 07:00:00,16.0,98,0.0,6.3,3,-26.818981,-48.63788,America/Sao_Paulo
2026-05-16 08:00:00,16.8,99,0.0,6.7,3,-26.818981,-48.63788,America/Sao_Paulo
2026-05-16 09:00:00,17.7,98,0.0,6.4,3,-26.818981,-48.63788,America/Sao_Paulo
2026-05-16 10:00:00,18.5,93,0.0,4.5,3,-26.818981,-48.63788,America/Sao_Paulo
2026-05-16 11:00:00,19.2,88,0.1,3.8,51,-26.818981,-48.63788,America/Sao_Paulo
2026-05-16 12:00:00,20.0,83,0.0,3.1,3,-26.818981,-48.63788,America/Sao_Paulo
2026-05-16 13:00:00,20.5,81,0.0,3.1,3,-26.818981,-48.63788,America/Sao_Paulo
2026-05-16 14:00:00,20.5,81,0.0,5.6,3,-26.818981,-48.63788,America/Sao_Paulo
2026-05-16 15:00:00,20.1,82,0.1,6.9,51,-26.818981,-48.63788,America/Sao_Paulo
2026-05-16 16:00:00,20.5,80,0.0,3.1,3,-26.818981,-48.63788,America/Sao_Paulo
2026-05-16 17:00:00,20.0,85,0.0,2.8,3,-26.818981,-48.63788,America/Sao_Paulo
2026-05-16 18:00:00,19.1,88,0.0,3.6,3,-26.818981,-48.63788,America/Sao_Paulo
2026-05-16 19:00:00,19.4,88,0.0,3.3,3,-26.818981,-48.63788,America/Sao_Paulo
2026-05-16 20:00:00,19.6,87,0.0,6.6,3,-26.818981,-48.63788,America/Sao_Paulo
2026-05-16 21:00:00,19.6,90,0.0,7.4,3,-26.818981,-48.63788,America/Sao_Paulo
2026-05-16 22:00:00,19.5,90,0.0,3.9,3,-26.818981,-48.63788,America/Sao_Paulo
2026-05-16 23:00:00,19.5,90,0.1,3.6,51,-26.818981,-48.63788,America/Sao_Paulo
2026-05-17 00:00:00,19.4,91,0.1,0.5,51,-26.818981,-48.63788,America/Sao_Paulo
2026-05-17 01:00:00,18.8,94,0.1,2.6,51,-26.818981,-48.63788,America/Sao_Paulo
2026-05-17 02:00:00,18.5,96,0.0,3.5,3,-26.818981,-48.63788,America/Sao_Paulo
2026-05-17 03:00:00,18.6,98,0.0,4.0,3,-26.818981,-48.63788,America/Sao_Paulo
2026-05-17 04:00:00,18.6,97,0.0,4.7,3,-26.818981,-48.63788,America/Sao_Paulo
2026-05-17 05:00:00,18.5,96,0.0,5.6,3,-26.818981,-48.63788,America/Sao_Paulo
2026-05-17 06:00:00,18.5,96,0.0,6.7,3,-26.818981,-48.63788,America/Sao_Paulo
2026-05-17 07:00:00,18.2,98,0.0,7.0,3,-26.818981,-48.63788,America/Sao_Paulo
2026-05-17 08:00:00,18.8,96,0.0,7.8,3,-26.818981,-48.63788,America/Sao_Paulo
2026-05-17 09:00:00,20.6,90,0.0,5.3,3,-26.818981,-48.63788,America/Sao_Paulo
2026-05-17 10:00:00,21.5,88,0.1,6.2,51,-26.818981,-48.63788,America/Sao_Paulo
2026-05-17 11:00:00,22.4,84,0.2,4.4,51,-26.818981,-48.63788,America/Sao_Paulo
2026-05-17 12:00:00,23.1,81,0.1,3.2,51,-26.818981,-48.63788,America/Sao_Paulo
2026-05-17 13:00:00,23.1,81,0.2,2.3,51,-26.818981,-48.63788,America/Sao_Paulo
2026-05-17 14:00:00,23.0,85,0.0,6.1,2,-26.818981,-48.63788,America/Sao_Paulo
2026-05-17 15:00:00,22.7,87,0.1,6.7,51,-26.818981,-48.63788,America/Sao_Paulo
2026-05-17 16:00:00,21.6,91,0.1,10.6,51,-26.818981,-48.63788,America/Sao_Paulo
2026-05-17 17:00:00,20.9,93,0.2,10.6,51,-26.818981,-48.63788,America/Sao_Paulo
2026-05-17 18:00:00,20.3,94,0.1,9.6,51,-26.818981,-48.63788,America/Sao_Paulo
2026-05-17 19:00:00,20.2,94,0.2,11.3,51,-26.818981,-48.63788,America/Sao_Paulo
2026-05-17 20:00:00,19.6,95,0.7,18.0,53,-26.818981,-48.63788,America/Sao_Paulo
2026-05-17 21:00:00,19.5,95,0.5,15.6,53,-26.818981,-48.63788,America/Sao_Paulo
2026-05-17 22:00:00,19.6,95,5.3,15.0,63,-26.818981,-48.63788,America/Sao_Paulo
2026-05-17 23:00:00,19.4,96,2.4,12.4,61,-26.818981,-48.63788,America/Sao_Paulo
2026-05-18 00:00:00,19.1,97,1.3,14.6,61,-26.818981,-48.63788,America/Sao_Paulo
2026-05-18 01:00:00,18.9,96,1.8,12.7,61,-26.818981,-48.63788,America/Sao_Paulo
2026-05-18 02:00:00,18.5,96,1.0,17.2,55,-26.818981,-48.63788,America/Sao_Paulo
2026-05-18 03:00:00,18.1,95,0.3,18.6,51,-26.818981,-48.63788,America/Sao_Paulo
2026-05-18 04:00:00,17.9,94,0.1,20.0,51,-26.818981,-48.63788,America/Sao_Paulo
2026-05-18 05:00:00,17.4,94,0.5,16.4,53,-26.818981,-48.63788,America/Sao_Paulo
2026-05-18 06:00:00,17.1,96,0.6,8.5,53,-26.818981,-48.63788,America/Sao_Paulo
2026-05-18 07:00:00,17.3,97,0.3,8.5,51,-26.818981,-48.63788,America/Sao_Paulo
2026-05-18 08:00:00,17.7,97,0.0,9.1,3,-26.818981,-48.63788,America/Sao_Paulo
2026-05-18 09:00:00,18.1,95,0.0,11.0,3,-26.818981,-48.63788,America/Sao_Paulo
2026-05-18 10:00:00,18.6,90,0.0,12.1,3,-26.818981,-48.63788,America/Sao_Paulo
2026-05-18 11:00:00,18.6,85,0.0,11.3,3,-26.818981,-48.63788,America/Sao_Paulo
2026-05-18 12:00:00,18.8,79,0.0,11.8,3,-26.818981,-48.63788,America/Sao_Paulo
2026-05-18 13:00:00,19.2,72,0.0,13.0,3,-26.818981,-48.63788,America/Sao_Paulo
2026-05-18 14:00:00,19.5,70,0.0,12.5,3,-26.818981,-48.63788,America/Sao_Paulo
2026-05-18 15:00:00,19.0,71,0.0,12.2,3,-26.818981,-48.63788,America/Sao_Paulo
2026-05-18 16:00:00,18.6,71,0.0,10.0,3,-26.818981,-48.63788,America/Sao_Paulo
2026-05-18 17:00:00,18.2,73,0.0,11.6,3,-26.818981,-48.63788,America/Sao_Paulo
2026-05-18 18:00:00,17.4,80,0.2,9.0,51,-26.818981,-48.63788,America/Sao_Paulo
2026-05-18 19:00:00,17.2,83,0.0,8.2,3,-26.818981,-48.63788,America/Sao_Paulo
2026-05-18 20:00:00,17.0,86,0.0,6.3,3,-26.818981,-48.63788,America/Sao_Paulo
2026-05-18 21:00:00,17.2,81,0.0,7.6,3,-26.818981,-48.63788,America/Sao_Paulo
2026-05-18 22:00:00,17.0,80,0.0,7.5,3,-26.818981,-48.63788,America/Sao_Paulo
2026-05-18 23:00:00,16.8,82,0.0,6.9,3,-26.818981,-48.63788,America/Sao_Paulo
2026-05-19 00:00:00,16.8,81,0.0,8.5,3,-26.818981,-48.63788,America/Sao_Paulo
2026-05-19 01:00:00,16.5,79,0.0,10.0,3,-26.818981,-48.63788,America/Sao_Paulo
2026-05-19 02:00:00,16.4,78,0.0,11.1,3,-26.818981,-48.63788,America/Sao_Paulo
2026-05-19 03:00:00,16.1,79,0.0,10.8,3,-26.818981,-48.63788,America/Sao_Paulo
2026-05-19 04:00:00,15.9,80,0.0,9.3,3,-26.818981,-48.63788,America/Sao_Paulo
2026-05-19 05:00:00,16.0,78,0.0,8.9,3,-26.818981,-48.63788,America/Sao_Paulo
2026-05-19 06:00:00,16.0,78,0.0,7.7,3,-26.818981,-48.63788,America/Sao_Paulo
2026-05-19 07:00:00,15.8,81,0.1,8.9,51,-26.818981,-48.63788,America/Sao_Paulo
2026-05-19 08:00:00,15.8,83,0.1,8.9,51,-26.818981,-48.63788,America/Sao_Paulo
2026-05-19 09:00:00,16.4,81,0.1,7.5,51,-26.818981,-48.63788,America/Sao_Paulo
2026-05-19 10:00:00,17.0,79,0.0,6.9,3,-26.818981,-48.63788,America/Sao_Paulo
2026-05-19 11:00:00,17.5,77,0.1,6.5,51,-26.818981,-48.63788,America/Sao_Paulo
2026-05-19 12:00:00,18.1,74,0.0,7.0,3,-26.818981,-48.63788,America/Sao_Paulo
2026-05-19 13:00:00,18.4,71,0.0,7.9,3,-26.818981,-48.63788,America/Sao_Paulo
2026-05-19 14:00:00,17.7,76,0.1,6.7,51,-26.818981,-48.63788,America/Sao_Paulo
2026-05-19 15:00:00,18.3,74,0.2,7.4,51,-26.818981,-48.63788,America/Sao_Paulo
2026-05-19 16:00:00,17.8,79,0.0,7.8,3,-26.818981,-48.63788,America/Sao_Paulo
2026-05-19 17:00:00,17.6,80,0.0,8.2,3,-26.818981,-48.63788,America/Sao_Paulo
2026-05-19 18:00:00,16.8,84,0.0,9.0,3,-26.818981,-48.63788,America/Sao_Paulo
2026-05-19 19:00:00,16.6,86,0.0,7.9,2,-26.818981,-48.63788,America/Sao_Paulo
2026-05-19 20:00:00,16.4,88,0.0,6.7,2,-26.818981,-48.63788,America/Sao_Paulo
2026-05-19 21:00:00,16.5,89,0.0,5.8,3,-26.818981,-48.63788,America/Sao_Paulo
2026-05-19 22:00:00,17.1,87,0.0,7.5,3,-26.818981,-48.63788,America/Sao_Paulo
2026-05-19 23:00:00,17.1,87,0.0,8.2,3,-26.818981,-48.63788,America/Sao_Paulo
2026-05-20 00:00:00,16.9,88,0.0,7.6,3,-26.818981,-48.63788,America/Sao_Paulo
2026-05-20 01:00:00,16.8,88,0.0,6.8,3,-26.818981,-48.63788,America/Sao_Paulo
2026-05-20 02:00:00,16.6,89,0.0,8.1,3,-26.818981,-48.63788,America/Sao_Paulo
2026-05-20 03:00:00,16.7,88,0.0,9.8,3,-26.818981,-48.63788,America/Sao_Paulo
2026-05-20 04:00:00,16.6,87,0.0,8.6,3,-26.818981,-48.63788,America/Sao_Paulo
2026-05-20 05:00:00,16.6,87,0.0,6.3,3,-26.818981,-48.63788,America/Sao_Paulo
2026-05-20 06:00:00,16.0,91,0.0,5.4,3,-26.818981,-48.63788,America/Sao_Paulo
2026-05-20 07:00:00,16.0,91,0.0,5.1,3,-26.818981,-48.63788,America/Sao_Paulo
2026-05-20 08:00:00,16.2,92,0.3,6.2,51,-26.818981,-48.63788,America/Sao_Paulo
2026-05-20 09:00:00,17.5,86,0.8,6.6,53,-26.818981,-48.63788,America/Sao_Paulo
2026-05-20 10:00:00,18.4,82,0.0,5.2,3,-26.818981,-48.63788,America/Sao_Paulo
2026-05-20 11:00:00,19.1,79,0.0,4.8,3,-26.818981,-48.63788,America/Sao_Paulo
2026-05-20 12:00:00,20.0,73,0.0,4.8,2,-26.818981,-48.63788,America/Sao_Paulo
2026-05-20 13:00:00,21.0,67,0.0,2.7,2,-26.818981,-48.63788,America/Sao_Paulo
2026-05-20 14:00:00,20.6,74,0.0,9.6,0,-26.818981,-48.63788,America/Sao_Paulo
2026-05-20 15:00:00,19.9,80,0.0,14.4,0,-26.818981,-48.63788,America/Sao_Paulo
2026-05-20 16:00:00,18.9,82,0.0,16.1,0,-26.818981,-48.63788,America/Sao_Paulo
2026-05-20 17:00:00,18.2,82,0.0,15.0,0,-26.818981,-48.63788,America/Sao_Paulo
2026-05-20 18:00:00,17.9,82,0.0,14.0,1,-26.818981,-48.63788,America/Sao_Paulo
2026-05-20 19:00:00,17.5,82,0.0,13.0,0,-26.818981,-48.63788,America/Sao_Paulo
2026-05-20 20:00:00,17.0,81,0.0,12.3,1,-26.818981,-48.63788,America/Sao_Paulo
2026-05-20 21:00:00,16.2,81,0.0,10.9,0,-26.818981,-48.63788,America/Sao_Paulo
2026-05-20 22:00:00,15.8,81,0.0,9.6,0,-26.818981,-48.63788,America/Sao_Paulo
2026-05-20 23:00:00,14.8,86,0.0,6.2,0,-26.818981,-48.63788,America/Sao_Paulo
2026-05-21 00:00:00,13.9,89,0.0,4.9,0,-26.818981,-48.63788,America/Sao_Paulo
2026-05-21 01:00:00,13.2,92,0.0,6.6,0,-26.818981,-48.63788,America/Sao_Paulo
2026-05-21 02:00:00,12.9,94,0.0,8.1,1,-26.818981,-48.63788,America/Sao_Paulo
2026-05-21 03:00:00,11.9,96,0.0,9.6,3,-26.818981,-48.63788,America/Sao_Paulo
2026-05-21 04:00:00,11.4,95,0.0,9.3,3,-26.818981,-48.63788,America/Sao_Paulo
2026-05-21 05:00:00,11.3,96,0.0,7.9,3,-26.818981,-48.63788,America/Sao_Paulo
2026-05-21 06:00:00,10.9,95,0.0,8.8,3,-26.818981,-48.63788,America/Sao_Paulo
2026-05-21 07:00:00,10.6,91,0.0,9.3,3,-26.818981,-48.63788,America/Sao_Paulo
2026-05-21 08:00:00,10.9,89,0.0,8.2,2,-26.818981,-48.63788,America/Sao_Paulo
2026-05-21 09:00:00,12.9,88,0.0,5.5,1,-26.818981,-48.63788,America/Sao_Paulo
2026-05-21 10:00:00,15.2,79,0.0,5.2,0,-26.818981,-48.63788,America/Sao_Paulo
2026-05-21 11:00:00,17.0,70,0.0,3.3,0,-26.818981,-48.63788,America/Sao_Paulo
2026-05-21 12:00:00,17.9,66,0.0,3.6,0,-26.818981,-48.63788,America/Sao_Paulo
2026-05-21 13:00:00,18.5,60,0.0,7.3,2,-26.818981,-48.63788,America/Sao_Paulo
2026-05-21 14:00:00,18.0,60,0.0,13.4,0,-26.818981,-48.63788,America/Sao_Paulo
2026-05-21 15:00:00,17.5,62,0.0,16.0,0,-26.818981,-48.63788,America/Sao_Paulo
2026-05-21 16:00:00,17.2,64,0.0,18.0,0,-26.818981,-48.63788,America/Sao_Paulo
2026-05-21 17:00:00,16.5,68,0.0,18.6,0,-26.818981,-48.63788,America/Sao_Paulo
2026-05-21 18:00:00,15.9,71,0.0,18.8,0,-26.818981,-48.63788,America/Sao_Paulo
2026-05-21 19:00:00,15.6,70,0.0,19.2,2,-26.818981,-48.63788,America/Sao_Paulo
2026-05-21 20:00:00,15.4,71,0.0,17.8,1,-26.818981,-48.63788,America/Sao_Paulo
2026-05-21 21:00:00,15.1,71,0.0,15.9,0,-26.818981,-48.63788,America/Sao_Paulo
2026-05-21 22:00:00,14.6,73,0.0,14.1,1,-26.818981,-48.63788,America/Sao_Paulo
2026-05-21 23:00:00,13.9,75,0.0,13.0,0,-26.818981,-48.63788,America/Sao_Paulo
